Datetime,Water Level (m)
2025-04-26 18:00:00,-0.5657849
2025-04-26 19:00:00,-0.90212655
2025-04-26 20:00:00,-1.0551286
2025-04-26 21:00:00,-0.97778445
2025-04-26 22:00:00,-0.64675695
2025-04-26 23:00:00,-0.16922764
2025-04-27 00:00:00,0.30881643
2025-04-27 01:00:00,0.70310575
2025-04-27 02:00:00,0.894776
2025-04-27 03:00:00,0.8535236
2025-04-27 04:00:00,0.5970831
2025-04-27 05:00:00,0.21167275
2025-04-27 06:00:00,-0.22962879
2025-04-27 07:00:00,-0.62178767
2025-04-27 08:00:00,-0.856677
2025-04-27 09:00:00,-0.8697963
2025-04-27 10:00:00,-0.65823907
2025-04-27 11:00:00,-0.2794087
2025-04-27 12:00:00,0.1674811
2025-04-27 13:00:00,0.53124034
2025-04-27 14:00:00,0.7369739
2025-04-27 15:00:00,0.7310181
2025-04-27 16:00:00,0.50200963
2025-04-27 17:00:00,0.09368928
2025-04-27 18:00:00,-0.3804169
2025-04-27 19:00:00,-0.81087005
2025-04-27 20:00:00,-1.0798411
2025-04-27 21:00:00,-1.1228949
2025-04-27 22:00:00,-0.917011
2025-04-27 23:00:00,-0.5036737
2025-04-28 00:00:00,-0.002858958
2025-04-28 01:00:00,0.49179938
2025-04-28 02:00:00,0.8551651
2025-04-28 03:00:00,1.002062
2025-04-28 04:00:00,0.89415205
2025-04-28 05:00:00,0.59038776
2025-04-28 06:00:00,0.1425821
2025-04-28 07:00:00,-0.33157805
2025-04-28 08:00:00,-0.7049163
2025-04-28 09:00:00,-0.88344395
2025-04-28 10:00:00,-0.84290946
2025-04-28 11:00:00,-0.55839825
2025-04-28 12:00:00,-0.14481822
2025-04-28 13:00:00,0.2876911
2025-04-28 14:00:00,0.60521555
2025-04-28 15:00:00,0.74968284
2025-04-28 16:00:00,0.64907396
2025-04-28 17:00:00,0.35161534
2025-04-28 18:00:00,-0.06372228
2025-04-28 19:00:00,-0.5205156
2025-04-28 20:00:00,-0.8977489
2025-04-28 21:00:00,-1.0822004
2025-04-28 22:00:00,-1.0499371
2025-04-28 23:00:00,-0.76212734
2025-04-29 00:00:00,-0.3305591
2025-04-29 01:00:00,0.18791866
2025-04-29 02:00:00,0.6525311
2025-04-29 03:00:00,0.93523365
2025-04-29 04:00:00,1.0032533
2025-04-29 05:00:00,0.8350045
2025-04-29 06:00:00,0.48265716
2025-04-29 07:00:00,0.023089826
2025-04-29 08:00:00,-0.40513745
2025-04-29 09:00:00,-0.73861367
2025-04-29 10:00:00,-0.8542132
2025-04-29 11:00:00,-0.74657357
2025-04-29 12:00:00,-0.43053883
2025-04-29 13:00:00,-0.060269658
2025-04-29 14:00:00,0.34013632
2025-04-29 15:00:00,0.56141675
2025-04-29 16:00:00,0.64801884
2025-04-29 17:00:00,0.50279593
2025-04-29 18:00:00,0.18301235
2025-04-29 19:00:00,-0.19503869
2025-04-29 20:00:00,-0.594273
2025-04-29 21:00:00,-0.88696367
2025-04-29 22:00:00,-1.0164481
2025-04-29 23:00:00,-0.88722265
2025-04-30 00:00:00,-0.59056586
2025-04-30 01:00:00,-0.1423974
2025-04-30 02:00:00,0.3392545
2025-04-30 03:00:00,0.72617906
2025-04-30 04:00:00,0.92604804
2025-04-30 05:00:00,0.93315774
2025-04-30 06:00:00,0.7248794
2025-04-30 07:00:00,0.36187616
2025-04-30 08:00:00,-0.061344467
2025-04-30 09:00:00,-0.4427654
2025-04-30 10:00:00,-0.7251567
2025-04-30 11:00:00,-0.79192996
2025-04-30 12:00:00,-0.6873692
2025-04-30 13:00:00,-0.30490634
2025-04-30 14:00:00,-0.038652707
2025-04-30 15:00:00,0.33027002
2025-04-30 16:00:00,0.47795466
2025-04-30 17:00:00,0.49188772
2025-04-30 18:00:00,0.3301856
2025-04-30 19:00:00,0.025312597
2025-04-30 20:00:00,-0.32407075
2025-04-30 21:00:00,-0.663129
2025-04-30 22:00:00,-0.885185
2025-04-30 23:00:00,-0.93712074
2025-05-01 00:00:00,-0.7947199
2025-05-01 01:00:00,-0.48648188
2025-05-01 02:00:00,-0.05112157
2025-05-01 03:00:00,0.36896488
2025-05-01 04:00:00,0.6830362
2025-05-01 05:00:00,0.83494294
2025-05-01 06:00:00,0.7841194
2025-05-01 07:00:00,0.55486554
2025-05-01 08:00:00,0.22643149
2025-05-01 09:00:00,-0.13981207
2025-05-01 10:00:00,-0.45402738
2025-05-01 11:00:00,-0.6481667
2025-05-01 12:00:00,-0.66891253
2025-05-01 13:00:00,-0.52503544
2025-05-01 14:00:00,-0.28279394
2025-05-01 15:00:00,-0.025315832
2025-05-01 16:00:00,0.21581829
2025-05-01 17:00:00,0.37802136
2025-05-01 18:00:00,0.35128403
2025-05-01 19:00:00,0.21469545
2025-05-01 20:00:00,-0.04498416
2025-05-01 21:00:00,-0.34504652
2025-05-01 22:00:00,-0.582656
2025-05-01 23:00:00,-0.75363094
2025-05-02 00:00:00,-0.7579859
2025-05-02 01:00:00,-0.61272204
2025-05-02 02:00:00,-0.30750582
2025-05-02 03:00:00,0.047170885
2025-05-02 04:00:00,0.38591486
2025-05-02 05:00:00,0.62645894
2025-05-02 06:00:00,0.7206219
2025-05-02 07:00:00,0.6476232
2025-05-02 08:00:00,0.4583675
2025-05-02 09:00:00,0.1728822
2025-05-02 10:00:00,-0.1346497
2025-05-02 11:00:00,-0.38582966
2025-05-02 12:00:00,-0.5122336
2025-05-02 13:00:00,-0.537077
2025-05-02 14:00:00,-0.45662442
2025-05-02 15:00:00,-0.25261477
2025-05-02 16:00:00,-0.028451242
2025-05-02 17:00:00,0.18668737
2025-05-02 18:00:00,0.24009097
